label,N,mean_s,ge20_pct
proper_wash,6,20.814285714285713,71.42857142857143
quick_rinse,4,7.25,0.0
