Scenario,Samples,Slope,Intercept,R2
Original,60,-1.1095965007188204,98.88283899394908,0.0826853548378289
Filtered P5–P95,55,-0.9089780934119888,93.64493822316669,0.05275468746817358
Filtered IQR,60,-1.1095965007188204,98.88283899394908,0.0826853548378289
